Population Size,Generations,Mutation Rate,Crossover Rate,Tournament Size,Avg Best Distance,Min Best Distance,Max Best Distance,Std Dev Best Distance,Avg Execution Time
100,165,0.1,0.1,5,17882.5,17882.5,17882.5,,0.47
100,191,0.1,0.1,3,17097.53,17097.53,17097.53,,0.49
100,207,0.1,0.1,10,18446.64,18446.64,18446.64,,0.55
100,266,0.1,0.1,5,17613.05,17613.05,17613.05,,0.7
100,287,0.1,0.1,8,17505.41,17505.41,17505.41,,0.88
100,297,0.1,0.1,10,17685.26,17685.26,17685.26,,0.81
100,299,0.01,1.0,2,11928.74,11928.74,11928.74,,1.42
100,301,0.1,0.1,8,17799.95,17799.95,17799.95,,0.85
100,303,0.1,0.1,2,18847.22,18847.22,18847.22,,0.86
100,313,0.1,0.1,2,17958.14,17958.14,17958.14,,0.78
100,337,0.01,0.5,5,12632.03,12632.03,12632.03,,1.14
100,370,0.1,0.1,3,17073.41,17073.41,17073.41,,0.88
100,386,0.05,0.1,3,15375.72,15375.72,15375.72,,0.96
100,401,0.05,1.0,5,10595.88,10595.88,10595.88,,2.05
100,402,0.05,0.5,5,12963.36,12963.36,12963.36,,1.44
100,411,0.01,1.0,5,13551.73,13551.73,13551.73,,2.15
100,422,0.05,0.1,10,13514.96,13514.96,13514.96,,1.16
100,436,0.1,1.0,10,9849.34,9849.34,9849.34,,2.27
100,446,0.1,0.5,2,11050.58,11050.58,11050.58,,1.55
100,454,0.1,0.5,10,9292.58,9292.58,9292.58,,1.87
100,460,0.1,1.0,8,10940.79,10940.79,10940.79,,2.29
100,474,0.05,1.0,8,10443.48,10443.48,10443.48,,2.55
100,476,0.01,0.5,2,12075.31,12075.31,12075.31,,1.61
100,481,0.01,0.1,8,15122.27,15122.27,15122.27,,1.35
100,490,0.01,1.0,10,13684.62,13684.62,13684.62,,2.54
100,502,0.01,0.5,3,13830.85,13830.85,13830.85,,1.63
100,511,0.05,0.5,3,10905.73,10905.73,10905.73,,1.92
100,546,0.1,1.0,3,9737.14,9737.14,9737.14,,2.67
100,551,0.05,0.1,2,13753.99,13753.99,13753.99,,1.43
100,567,0.05,0.1,5,13425.26,13425.26,13425.26,,1.47
100,577,0.05,1.0,10,11234.68,11234.68,11234.68,,3.06
100,579,0.1,0.5,8,10357.1,10357.1,10357.1,,2.17
100,584,0.01,0.1,2,14781.04,14781.04,14781.04,,1.34
100,585,0.01,1.0,8,12438.47,12438.47,12438.47,,3.17
100,591,0.05,0.5,2,10847.77,10847.77,10847.77,,2.17
100,626,0.05,1.0,2,11453.08,11453.08,11453.08,,3.13
100,644,0.1,1.0,2,9959.61,9959.61,9959.61,,3.2
100,662,0.1,1.0,5,9808.23,9808.23,9808.23,,3.36
100,666,0.1,0.5,5,11026.3,11026.3,11026.3,,2.43
100,676,0.05,0.5,8,9684.92,9684.92,9684.92,,2.64
100,706,0.01,0.1,5,14254.78,14254.78,14254.78,,1.77
100,740,0.1,1.0,3,9821.53,9821.53,9821.53,,3.45
100,742,0.01,0.1,10,13415.6,13415.6,13415.6,,1.93
100,752,0.1,0.5,5,10316.07,10316.07,10316.07,,2.84
100,769,0.05,0.1,10,13049.22,13049.22,13049.22,,2.29
100,787,0.01,1.0,3,13172.92,13172.92,13172.92,,3.96
100,790,0.05,0.1,3,12265.16,12265.16,12265.16,,1.86
100,803,0.05,0.1,8,12491.67,12491.67,12491.67,,2.11
100,842,0.05,1.0,3,9573.66,9573.66,9573.66,,4.24
100,844,0.01,0.5,8,12906.39,12906.39,12906.39,,3.14
100,844,0.05,0.5,10,9650.63,9650.63,9650.63,,3.46
100,864,0.1,0.1,5,15284.85,15284.85,15284.85,,2.07
100,870,0.05,1.0,8,11424.8,11424.8,11424.8,,4.64
100,878,0.05,0.1,8,13129.9,13129.9,13129.9,,2.4
100,879,0.1,0.5,8,10237.51,10237.51,10237.51,,3.35
100,881,0.05,0.1,5,11084.31,11084.31,11084.31,,2.09
100,882,0.01,1.0,3,10509.26,10509.26,10509.26,,4.58
100,895,0.1,0.5,3,10186.4,10186.4,10186.4,,3.26
100,899,0.01,1.0,5,11088.18,11088.18,11088.18,,4.4
100,907,0.1,1.0,5,9236.44,9236.44,9236.44,,4.59
100,915,0.05,0.5,3,10154.65,10154.65,10154.65,,3.18
100,947,0.01,0.1,10,13328.58,13328.58,13328.58,,2.43
100,948,0.01,0.5,10,11375.15,11375.15,11375.15,,3.92
100,957,0.1,0.1,8,15577.78,15577.78,15577.78,,2.47
100,970,0.1,0.1,2,16170.03,16170.03,16170.03,,2.21
100,999,0.01,0.1,3,12569.87,12569.87,12569.87,,2.31
100,1005,0.1,0.1,3,15819.19,15819.19,15819.19,,2.31
100,1011,0.1,1.0,10,10280.48,10280.48,10280.48,,5.56
100,1027,0.05,1.0,5,10460.6,10460.6,10460.6,,5.16
100,1028,0.1,0.5,10,10494.05,10494.05,10494.05,,3.81
100,1036,0.1,1.0,3,9034.38,9034.38,9034.38,,4.84
100,1044,0.1,1.0,10,10305.22,10305.22,10305.22,,5.17
100,1049,0.01,1.0,2,11933.98,11933.98,11933.98,,5.04
100,1053,0.1,1.0,8,10060.75,10060.75,10060.75,,5.88
100,1056,0.05,0.5,10,10311.82,10311.82,10311.82,,3.88
100,1063,0.05,0.5,5,9699.18,9699.18,9699.18,,3.81
100,1072,0.1,0.5,2,9902.94,9902.94,9902.94,,3.8
100,1097,0.05,0.1,2,14307.36,14307.36,14307.36,,2.56
100,1112,0.01,0.5,2,11939.65,11939.65,11939.65,,3.86
100,1119,0.05,0.1,3,12629.97,12629.97,12629.97,,2.6
100,1140,0.05,1.0,2,9415.42,9415.42,9415.42,,5.21
100,1194,0.05,0.5,2,11236.33,11236.33,11236.33,,4.24
100,1209,0.01,0.1,5,11941.74,11941.74,11941.74,,3.23
100,1228,0.05,1.0,2,11253.39,11253.39,11253.39,,5.53
100,1239,0.05,0.5,10,10593.02,10593.02,10593.02,,4.88
100,1244,0.1,1.0,8,8992.95,8992.95,8992.95,,6.14
100,1246,0.1,0.5,3,10121.6,10121.6,10121.6,,4.46
100,1260,0.1,0.5,10,9922.84,9922.84,9922.84,,4.72
100,1268,0.05,1.0,8,9098.87,9098.87,9098.87,,6.22
100,1271,0.05,1.0,10,9193.41,9193.41,9193.41,,6.83
100,1281,0.1,0.5,3,10072.84,10072.84,10072.84,,4.35
100,1368,0.01,1.0,10,12113.44,12113.44,12113.44,,7.41
100,1374,0.01,1.0,2,12041.89,12041.89,12041.89,,7.21
100,1377,0.05,1.0,10,9955.29,9955.29,9955.29,,6.79
100,1434,0.05,1.0,3,9458.08,9458.08,9458.08,,7.16
100,1448,0.05,0.5,8,11258.16,11258.16,11258.16,,5.57
100,1522,0.01,0.5,8,11421.1,11421.1,11421.1,,5.52
100,1535,0.05,0.1,10,10538.63,10538.63,10538.63,,4.16
100,1593,0.01,0.5,5,13007.87,13007.87,13007.87,,5.64
100,1627,0.05,1.0,3,9529.31,9529.31,9529.31,,7.53
100,1639,0.01,0.1,2,12904.52,12904.52,12904.52,,3.84
100,1671,0.1,0.5,5,9572.85,9572.85,9572.85,,5.79
100,1674,0.1,1.0,5,11345.12,11345.12,11345.12,,7.93
100,1820,0.1,0.1,10,15083.38,15083.38,15083.38,,4.78
100,1972,0.1,0.5,2,10143.0,10143.0,10143.0,,6.66
100,1992,0.01,0.5,10,11861.11,11861.11,11861.11,,8.08
100,1999,0.01,0.1,3,12115.97,12115.97,12115.97,,4.9
100,1999,0.01,0.1,8,14191.62,14191.62,14191.62,,5.55
100,1999,0.01,0.5,3,9999.97,9999.97,9999.97,,7.03
100,1999,0.01,1.0,8,11496.61,11496.61,11496.61,,10.14
100,1999,0.05,0.1,2,11013.24,11013.24,11013.24,,4.52
100,1999,0.1,1.0,2,8825.98,8825.98,8825.98,,9.36
100,2000,0.05,0.1,8,11036.45,11036.45,11036.45,,5.7
100,2067,0.01,1.0,10,10472.22,10472.22,10472.22,,10.42
100,2093,0.05,1.0,5,10183.83,10183.83,10183.83,,9.97
100,2197,0.05,0.5,2,9569.88,9569.88,9569.88,,7.4
100,2255,0.1,1.0,2,11470.61,11470.61,11470.61,,10.39
100,2449,0.01,0.5,8,10560.15,10560.15,10560.15,,9.37
100,2466,0.01,1.0,3,10519.46,10519.46,10519.46,,11.66
100,2576,0.01,0.1,2,12542.84,12542.84,12542.84,,6.25
100,2585,0.01,0.5,2,10194.27,10194.27,10194.27,,9.55
100,2622,0.05,0.5,3,9647.36,9647.36,9647.36,,8.78
100,2622,0.1,0.5,8,10042.53,10042.53,10042.53,,9.47
100,2624,0.01,1.0,5,11288.33,11288.33,11288.33,,12.53
100,2787,0.05,0.5,5,10530.65,10530.65,10530.65,,9.67
100,3015,0.01,0.5,3,10736.22,10736.22,10736.22,,10.85
100,3042,0.01,0.5,10,10959.06,10959.06,10959.06,,12.42
100,3084,0.01,1.0,8,10307.28,10307.28,10307.28,,15.16
100,3274,0.01,0.5,5,11174.55,11174.55,11174.55,,12.1
100,3550,0.05,0.5,8,8286.12,8286.12,8286.12,,12.73
100,3815,0.01,0.1,5,10645.78,10645.78,10645.78,,9.89
100,4160,0.01,0.1,3,10139.7,10139.7,10139.7,,10.05
100,4190,0.01,0.1,10,9958.69,9958.69,9958.69,,11.83
100,4640,0.05,0.1,5,10461.11,10461.11,10461.11,,11.85
100,4999,0.01,0.1,8,9437.36,9437.36,9437.36,,13.39
200,140,0.1,0.1,10,17813.39,17813.39,17813.39,,0.73
200,216,0.1,0.1,5,17658.21,17658.21,17658.21,,1.02
200,254,0.1,0.1,2,19889.55,19889.55,19889.55,,1.11
200,263,0.05,1.0,5,9907.43,9907.43,9907.43,,2.48
200,292,0.01,1.0,10,11438.51,11438.51,11438.51,,2.84
200,305,0.1,0.1,8,15805.77,15805.77,15805.77,,1.56
200,318,0.01,0.1,3,13260.69,13260.69,13260.69,,1.43
200,340,0.01,0.5,3,11127.97,11127.97,11127.97,,2.27
200,340,0.1,1.0,8,9200.7,9200.7,9200.7,,3.28
200,366,0.1,0.1,3,15155.23,15155.23,15155.23,,1.65
200,403,0.05,0.5,10,10870.83,10870.83,10870.83,,2.89
200,404,0.1,1.0,3,10094.7,10094.7,10094.7,,3.69
200,431,0.1,1.0,8,10194.98,10194.98,10194.98,,9.89
200,438,0.01,1.0,2,11329.34,11329.34,11329.34,,3.94
200,442,0.05,0.5,8,8647.3,8647.3,8647.3,,3.07
200,443,0.1,0.5,2,11023.8,11023.8,11023.8,,2.89
200,454,0.05,1.0,3,10061.9,10061.9,10061.9,,4.16
200,460,0.1,0.5,10,9861.69,9861.69,9861.69,,3.35
200,476,0.1,0.1,8,15030.01,15030.01,15030.01,,2.35
200,497,0.01,1.0,5,10602.55,10602.55,10602.55,,4.59
200,501,0.01,0.1,5,12884.43,12884.43,12884.43,,2.34
200,506,0.1,0.1,3,15557.6,15557.6,15557.6,,2.3
200,515,0.1,0.5,5,9620.85,9620.85,9620.85,,3.5
200,519,0.05,1.0,8,10054.32,10054.32,10054.32,,4.94
200,537,0.1,1.0,10,9568.22,9568.22,9568.22,,5.19
200,538,0.05,1.0,3,9764.84,9764.84,9764.84,,4.87
200,547,0.1,1.0,10,9599.75,9599.75,9599.75,,8.34
200,548,0.05,0.5,2,9816.29,9816.29,9816.29,,3.81
200,549,0.01,0.1,8,11883.45,11883.45,11883.45,,2.72
200,563,0.01,1.0,8,10417.14,10417.14,10417.14,,5.36
200,577,0.1,0.5,5,9547.34,9547.34,9547.34,,3.99
200,582,0.1,1.0,5,9160.31,9160.31,9160.31,,5.51
200,585,0.1,0.5,8,10228.52,10032.26,10424.78,277.55355375134394,4.1899999999999995
200,589,0.01,1.0,3,10371.72,10371.72,10371.72,,5.32
200,608,0.1,0.1,10,13988.86,13988.86,13988.86,,3.12
200,611,0.05,1.0,2,9911.82,9911.82,9911.82,,5.5
200,618,0.1,1.0,2,10401.42,10401.42,10401.42,,5.52
200,622,0.01,0.5,10,12223.42,12223.42,12223.42,,4.54
200,627,0.05,0.5,3,9827.05,9827.05,9827.05,,4.14
200,628,0.1,1.0,3,9022.85,9022.85,9022.85,,5.8
200,652,0.01,0.5,5,12737.23,12737.23,12737.23,,4.4
200,659,0.05,1.0,8,9099.08,9099.08,9099.08,,6.22
200,659,0.05,1.0,10,10371.57,10371.57,10371.57,,6.38
200,660,0.1,1.0,5,9353.24,9353.24,9353.24,,6.12
200,665,0.05,0.1,2,13350.05,13350.05,13350.05,,2.92
200,676,0.1,1.0,8,9213.41,9213.41,9213.41,,6.59
200,728,0.1,0.1,3,16492.82,16492.82,16492.82,,3.43
200,733,0.01,0.5,8,10338.98,10338.98,10338.98,,5.09
200,754,0.05,1.0,10,8795.45,8795.45,8795.45,,7.33
200,769,0.1,0.1,5,13521.73,13521.73,13521.73,,3.57
200,784,0.1,0.1,2,16563.29,16563.29,16563.29,,3.42
200,788,0.1,1.0,3,9435.22,9435.22,9435.22,,7.28
200,793,0.1,0.1,2,16584.58,16584.58,16584.58,,3.84
200,811,0.05,0.1,8,11285.79,11285.79,11285.79,,4.0
200,824,0.05,0.1,2,12023.67,12023.67,12023.67,,3.64
200,824,0.05,0.5,5,10296.95,10296.95,10296.95,,5.53
200,832,0.05,0.5,3,9244.78,9244.78,9244.78,,5.63
200,870,0.1,0.5,3,10154.89,10154.89,10154.89,,5.72
200,872,0.01,0.5,10,9655.89,9655.89,9655.89,,6.21
200,875,0.01,0.1,10,10833.94,10833.94,10833.94,,4.4
200,887,0.1,1.0,2,9758.61,9758.61,9758.61,,8.18
200,888,0.05,0.1,10,11225.11,11225.11,11225.11,,4.47
200,898,0.01,0.5,3,10563.58,10563.58,10563.58,,5.86
200,948,0.1,0.5,3,9021.11,9021.11,9021.11,,6.25
200,962,0.05,0.5,8,9656.6,9656.6,9656.6,,6.73
200,982,0.01,0.1,10,12546.28,12546.28,12546.28,,4.96
200,999,0.01,0.1,2,12913.69,12913.69,12913.69,,4.36
200,999,0.01,0.5,2,10983.23,10983.23,10983.23,,6.64
200,999,0.05,0.1,3,11302.48,11302.48,11302.48,,4.5
200,999,0.05,0.1,5,10565.48,10565.48,10565.48,,4.84
200,1000,0.1,1.0,5,9057.1,9057.1,9057.1,,9.45
200,1009,0.01,1.0,8,10049.89,10049.89,10049.89,,9.73
200,1015,0.1,1.0,10,9547.95,9547.95,9547.95,,10.19
200,1021,0.01,0.5,5,10984.18,10984.18,10984.18,,6.84
200,1046,0.01,1.0,2,10817.36,10817.36,10817.36,,9.34
200,1051,0.05,0.5,3,9112.64,9112.64,9112.64,,6.99
200,1059,0.05,1.0,3,9445.58,9445.58,9445.58,,9.8
200,1071,0.1,0.1,5,14805.38,14805.38,14805.38,,5.44
200,1073,0.05,0.5,5,10131.14,10131.14,10131.14,,7.19
200,1149,0.05,1.0,5,9351.63,9351.63,9351.63,,10.81
200,1155,0.05,1.0,5,8852.26,8852.26,8852.26,,10.63
200,1160,0.05,0.5,2,10163.04,10163.04,10163.04,,7.5
200,1218,0.05,0.5,10,11364.87,11364.87,11364.87,,8.77
200,1227,0.1,0.5,5,10153.96,10153.96,10153.96,,8.66
200,1241,0.05,1.0,8,9129.56,9129.56,9129.56,,12.17
200,1247,0.1,0.5,2,9444.2,9444.2,9444.2,,8.03
200,1261,0.05,0.1,2,12328.93,12328.93,12328.93,,5.6
200,1269,0.1,0.5,10,10065.1,10065.1,10065.1,,9.04
200,1271,0.01,1.0,5,9207.02,9207.02,9207.02,,12.31
200,1320,0.05,1.0,2,9004.94,9004.94,9004.94,,11.84
200,1368,0.01,1.0,10,10997.84,10997.84,10997.84,,13.11
200,1368,0.05,0.5,5,10671.57,10671.57,10671.57,,9.39
200,1409,0.01,0.5,2,9455.26,9455.26,9455.26,,9.02
200,1422,0.01,0.5,3,9613.4,9613.4,9613.4,,9.61
200,1478,0.01,0.1,8,10901.63,10901.63,10901.63,,7.23
200,1485,0.01,0.1,2,11600.77,11600.77,11600.77,,6.37
200,1486,0.1,0.1,8,14315.06,14315.06,14315.06,,7.56
200,1509,0.01,0.5,2,9308.57,9308.57,9308.57,,10.06
200,1513,0.1,0.1,10,13803.25,13803.25,13803.25,,8.07
200,1519,0.05,1.0,2,9277.88,9277.88,9277.88,,13.94
200,1524,0.05,0.1,3,10325.86,10325.86,10325.86,,6.79
200,1525,0.05,0.1,5,9966.83,9966.83,9966.83,,7.09
200,1536,0.05,0.1,10,10977.09,10977.09,10977.09,,7.8
200,1536,0.05,0.5,8,9233.25,9233.25,9233.25,,10.94
200,1555,0.01,1.0,3,9317.04,9317.04,9317.04,,14.05
200,1563,0.05,0.1,8,9894.43,9894.43,9894.43,,7.62
200,1622,0.05,0.1,8,9201.12,9201.12,9201.12,,8.19
200,1624,0.01,1.0,10,10010.8,10010.8,10010.8,,15.9
200,1629,0.05,0.5,10,10649.98,10649.98,10649.98,,11.94
200,1642,0.1,0.5,2,10013.31,10013.31,10013.31,,10.89
200,1739,0.01,0.1,5,10905.2,10905.2,10905.2,,7.97
200,1750,0.1,0.5,3,9370.62,9370.62,9370.62,,11.89
200,1754,0.1,0.5,8,9132.12,9132.12,9132.12,,12.87
200,1792,0.05,0.5,2,10414.38,10414.38,10414.38,,11.93
200,1814,0.05,1.0,10,9756.45,9756.45,9756.45,,18.22
200,1958,0.01,1.0,2,10141.59,10141.59,10141.59,,17.98
200,1993,0.01,0.1,3,10062.99,10062.99,10062.99,,8.75
200,1999,0.01,0.5,8,10336.86,10336.86,10336.86,,13.79
200,2081,0.01,0.5,8,11003.92,11003.92,11003.92,,14.87
200,2093,0.1,0.5,10,9442.29,9442.29,9442.29,,16.15
200,2319,0.1,1.0,2,9750.68,9750.68,9750.68,,21.73
200,2337,0.01,1.0,8,9036.51,9036.51,9036.51,,22.66
200,2414,0.01,1.0,5,10537.45,10537.45,10537.45,,22.95
200,2424,0.01,1.0,3,9071.96,9071.96,9071.96,,22.44
200,2426,0.05,0.1,3,10556.62,10556.62,10556.62,,10.86
200,2684,0.01,0.5,5,10257.71,10257.71,10257.71,,18.73
200,2814,0.01,0.5,10,9792.6,9792.6,9792.6,,20.74
200,2847,0.05,0.1,10,10399.55,10399.55,10399.55,,15.07
200,3036,0.01,0.1,3,9674.87,9674.87,9674.87,,13.67
200,3245,0.01,0.1,5,9980.85,9980.85,9980.85,,15.16
200,3692,0.01,0.1,10,10051.04,10051.04,10051.04,,19.11
200,3848,0.05,0.1,5,10413.71,10413.71,10413.71,,18.17
200,4023,0.01,0.1,2,9682.59,9682.59,9682.59,,18.04
200,4338,0.01,0.1,8,9330.25,9330.25,9330.25,,21.53
500,215,0.01,1.0,3,8982.93,8982.93,8982.93,,4.97
500,226,0.1,1.0,8,8686.09,8686.09,8686.09,,6.0
500,227,0.1,0.1,2,17124.1,17124.1,17124.1,,2.51
500,272,0.05,0.5,10,10910.16,10910.16,10910.16,,4.96
500,272,0.1,1.0,3,9014.28,9014.28,9014.28,,6.48
500,275,0.05,1.0,5,8331.94,8331.94,8331.94,,6.48
500,276,0.1,1.0,2,16569.66,16569.66,16569.66,,7.48
500,280,0.1,0.1,10,15662.38,15662.38,15662.38,,3.69
500,302,0.05,0.1,3,12777.42,12777.42,12777.42,,3.36
500,320,0.1,1.0,5,8910.18,8910.18,8910.18,,7.86
500,336,0.05,1.0,10,9807.14,9807.14,9807.14,,8.29
500,338,0.01,0.5,5,10528.64,10528.64,10528.64,,5.81
500,349,0.05,0.1,5,11738.42,11738.42,11738.42,,4.06
500,353,0.1,0.1,3,14343.79,14343.79,14343.79,,4.03
500,355,0.1,1.0,5,9020.9,9020.9,9020.9,,9.56
500,358,0.1,0.1,8,15098.96,15098.96,15098.96,,4.94
500,379,0.05,1.0,8,8667.9,8667.9,8667.9,,9.31
500,384,0.05,1.0,8,9418.87,9418.87,9418.87,,10.16
500,385,0.1,1.0,10,8730.69,8730.69,8730.69,,10.84
500,389,0.1,0.1,5,13576.02,13576.02,13576.02,,4.58
500,391,0.1,1.0,3,9299.83,9299.83,9299.83,,10.23
500,392,0.01,0.5,8,9941.8,9941.8,9941.8,,7.18
500,395,0.1,0.5,8,10513.99,10513.99,10513.99,,7.76
500,408,0.05,1.0,3,8998.16,8998.16,8998.16,,9.36
500,415,0.05,0.5,3,8960.13,8960.13,8960.13,,6.82
500,424,0.01,0.5,2,8825.98,8825.98,8825.98,,6.92
500,424,0.1,0.1,2,16133.78,16133.78,16133.78,,5.06
500,429,0.01,1.0,10,10070.81,10070.81,10070.81,,10.68
500,432,0.1,1.0,10,9126.6,9126.6,9126.6,,11.1
500,434,0.1,0.5,10,8902.38,8902.38,8902.38,,8.77
500,436,0.1,0.5,8,9245.74,9245.74,9245.74,,7.86
500,437,0.01,0.5,10,10109.14,10109.14,10109.14,,7.96
500,443,0.05,1.0,5,9017.99,9017.99,9017.99,,11.4
500,445,0.01,1.0,2,9151.37,9151.37,9151.37,,10.08
500,454,0.01,1.0,3,8416.38,8416.38,8416.38,,11.8
500,457,0.1,0.5,5,8814.64,8814.64,8814.64,,8.66
500,465,0.05,0.5,5,9805.91,9805.91,9805.91,,7.96
500,467,0.1,0.1,8,14194.44,14194.44,14194.44,,5.83
500,474,0.1,0.5,3,9096.48,9096.48,9096.48,,9.1
500,477,0.1,0.5,3,8575.54,8575.54,8575.54,,8.02
500,492,0.05,1.0,10,9545.28,9545.28,9545.28,,13.23
500,494,0.1,0.5,2,8869.22,8869.22,8869.22,,8.04
500,505,0.1,0.5,5,10277.43,10277.43,10277.43,,8.64
500,523,0.05,0.5,8,9039.6,9039.6,9039.6,,10.51
500,551,0.1,0.1,5,11627.43,11627.43,11627.43,,7.25
500,551,0.1,1.0,8,9763.07,9763.07,9763.07,,15.02
500,554,0.1,0.1,10,14398.49,14398.49,14398.49,,7.94
500,562,0.01,1.0,8,9765.32,9765.32,9765.32,,13.6
500,574,0.1,1.0,2,9210.51,9210.51,9210.51,,13.24
500,580,0.01,1.0,5,8635.67,8635.67,8635.67,,13.54
500,584,0.05,0.5,2,9490.37,9490.37,9490.37,,9.53
500,585,0.01,0.5,3,9020.72,9020.72,9020.72,,9.82
500,598,0.1,1.0,5,8866.06,8866.06,8866.06,,15.58
500,619,0.05,1.0,2,8615.0,8615.0,8615.0,,14.09
500,628,0.05,0.5,2,9158.93,9158.93,9158.93,,11.43
500,631,0.05,0.5,8,8725.8,8725.8,8725.8,,11.38
500,631,0.1,1.0,8,8247.29,8247.29,8247.29,,16.81
500,636,0.1,1.0,10,9966.92,9966.92,9966.92,,17.1
500,638,0.05,0.5,10,8778.45,8778.45,8778.45,,12.88
500,655,0.1,0.5,10,8749.14,8749.14,8749.14,,11.72
500,681,0.05,0.5,3,8765.8,8765.8,8765.8,,12.6
500,690,0.01,0.1,5,11041.46,11041.46,11041.46,,8.1
500,692,0.01,0.1,8,10877.37,10877.37,10877.37,,8.65
500,706,0.05,0.5,8,9111.38,9111.38,9111.38,,14.65
500,707,0.05,0.5,5,9586.6,9586.6,9586.6,,13.33
500,709,0.1,0.5,2,8479.62,8479.62,8479.62,,14.0
500,716,0.05,0.1,5,9747.05,9747.05,9747.05,,9.45
500,745,0.05,1.0,2,9058.31,9058.31,9058.31,,18.84
500,745,0.05,1.0,8,8578.34,8578.34,8578.34,,22.43
500,751,0.05,1.0,3,9126.93,9126.93,9126.93,,19.0
500,752,0.05,1.0,3,9071.88,9071.88,9071.88,,20.68
500,757,0.05,1.0,10,8856.87,8856.87,8856.87,,22.73
500,761,0.01,0.1,3,10512.44,10512.44,10512.44,,8.48
500,763,0.01,0.1,2,10292.35,10292.35,10292.35,,8.48
500,767,0.01,1.0,8,9186.72,9186.72,9186.72,,20.46
500,772,0.01,1.0,2,9613.19,9613.19,9613.19,,20.45
500,799,0.1,0.1,8,12956.18,12956.18,12956.18,,12.69
500,822,0.1,0.5,10,9189.2,9189.2,9189.2,,17.29
500,833,0.05,1.0,5,8679.87,8679.87,8679.87,,23.8
500,837,0.01,1.0,8,8528.1,8528.1,8528.1,,22.81
500,849,0.01,1.0,5,9881.52,9881.52,9881.52,,22.68
500,856,0.01,0.1,3,9624.18,9624.18,9624.18,,12.7
500,870,0.01,0.5,5,9308.94,9308.94,9308.94,,18.52
500,895,0.01,1.0,10,9939.09,9939.09,9939.09,,25.08
500,901,0.01,1.0,10,9660.11,9660.11,9660.11,,26.97
500,908,0.05,0.1,10,9827.75,9827.75,9827.75,,11.66
500,915,0.01,0.5,3,10020.86,10020.86,10020.86,,18.61
500,920,0.05,0.5,2,9057.19,9057.19,9057.19,,18.6
500,936,0.05,0.5,5,9363.01,9363.01,9363.01,,19.55
500,938,0.05,0.1,2,10215.2,10215.2,10215.2,,10.37
500,942,0.1,0.1,3,12715.95,12715.95,12715.95,,11.65
500,981,0.05,0.1,8,9434.1,9434.1,9434.1,,12.09
500,999,0.01,0.1,10,10006.66,10006.66,10006.66,,12.84
500,1013,0.01,1.0,2,8836.33,8836.33,8836.33,,25.5
500,1024,0.1,0.5,2,8963.66,8963.66,8963.66,,21.58
500,1041,0.05,1.0,2,9341.18,9341.18,9341.18,,28.62
500,1053,0.1,0.1,2,16808.53,16808.53,16808.53,,14.63
500,1065,0.1,1.0,2,8773.03,8773.03,8773.03,,28.73
500,1077,0.05,0.1,10,11134.35,11134.35,11134.35,,15.73
500,1085,0.1,0.1,10,13481.71,13481.71,13481.71,,17.68
500,1107,0.01,0.5,10,10168.48,10168.48,10168.48,,22.83
500,1111,0.01,1.0,5,8410.03,8410.03,8410.03,,28.85
500,1133,0.1,1.0,3,8416.07,8416.07,8416.07,,30.92
500,1149,0.01,0.5,8,8666.5,8666.5,8666.5,,23.65
500,1168,0.05,0.1,3,9903.39,9903.39,9903.39,,14.81
500,1189,0.1,0.5,3,8616.53,8616.53,8616.53,,24.0
500,1228,0.1,0.1,3,13489.09,13489.09,13489.09,,18.3
500,1252,0.01,0.5,2,8669.28,8669.28,8669.28,,26.3
500,1279,0.01,0.5,3,8980.8,8980.8,8980.8,,26.33
500,1285,0.05,0.5,3,9333.65,9333.65,9333.65,,25.72
500,1333,0.05,0.1,2,10163.03,10163.03,10163.03,,16.51
500,1398,0.01,0.1,2,9460.07,9460.07,9460.07,,17.4
500,1441,0.01,0.5,8,9652.56,9652.56,9652.56,,28.33
500,1470,0.05,0.5,10,9486.68,9486.68,9486.68,,31.94
500,1521,0.01,0.1,10,9567.63,9567.63,9567.63,,22.64
500,1535,0.01,1.0,3,9166.78,9166.78,9166.78,,38.72
500,1562,0.05,0.1,5,9031.67,9031.67,9031.67,,22.34
500,1583,0.01,0.1,8,9962.47,9962.47,9962.47,,23.69
500,1644,0.1,0.5,8,8980.99,8980.99,8980.99,,34.01
500,1662,0.05,0.1,8,9765.41,9765.41,9765.41,,23.47
500,1720,0.05,0.1,8,10117.08,10117.08,10117.08,,24.38
500,1723,0.01,0.5,10,9365.39,9365.39,9365.39,,34.33
500,1726,0.1,0.1,5,11076.01,11076.01,11076.01,,25.81
500,1999,0.01,0.1,5,10355.69,10355.69,10355.69,,31.88
500,2046,0.01,0.1,5,9453.71,9453.71,9453.71,,27.02
500,2180,0.01,0.5,2,8672.09,8672.09,8672.09,,45.29
500,2298,0.01,0.1,8,8783.95,8783.95,8783.95,,31.64
500,2352,0.01,0.1,3,9500.35,9500.35,9500.35,,28.79
500,2592,0.1,0.5,5,9462.94,9462.94,9462.94,,51.75
500,2664,0.01,0.5,5,10259.38,10259.38,10259.38,,54.33
500,2747,0.05,0.1,10,9062.04,9062.04,9062.04,,42.9
500,3216,0.01,0.1,2,9771.31,9771.31,9771.31,,39.41
500,3227,0.01,0.1,10,9879.48,9879.48,9879.48,,64.71
500,3353,0.05,0.1,3,9679.13,9679.13,9679.13,,46.42
500,4036,0.05,0.1,2,9197.14,9197.14,9197.14,,53.87
1000,177,0.1,1.0,8,8507.43,8507.43,8507.43,,9.82
1000,186,0.05,1.0,5,8392.16,8392.16,8392.16,,10.24
1000,199,0.1,1.0,5,8414.19,8414.19,8414.19,,10.91
1000,210,0.05,1.0,2,16083.35,16083.35,16083.35,,11.43
1000,217,0.1,1.0,2,15747.77,15747.77,15747.77,,10.85
1000,227,0.05,1.0,10,8797.22,8797.22,8797.22,,13.24
1000,234,0.1,1.0,10,9182.89,9182.89,9182.89,,13.44
1000,245,0.1,0.5,3,8856.39,8856.39,8856.39,,9.18
1000,249,0.05,1.0,8,8425.31,8425.31,8425.31,,14.16
1000,253,0.1,1.0,3,8870.48,8870.48,8870.48,,12.92
1000,272,0.05,1.0,3,8538.6,8538.6,8538.6,,14.86
1000,276,0.01,1.0,3,9100.72,9100.72,9100.72,,14.4
1000,282,0.05,0.5,5,9555.89,9555.89,9555.89,,10.46
1000,286,0.05,1.0,10,8406.37,8406.37,8406.37,,14.06
1000,287,0.1,0.1,2,16705.3,16705.3,16705.3,,7.02
1000,290,0.05,1.0,2,15504.01,15504.01,15504.01,,15.8
1000,301,0.05,1.0,5,8280.88,8280.88,8280.88,,15.57
1000,302,0.1,0.5,5,10264.57,10264.57,10264.57,,11.36
1000,303,0.1,1.0,10,8711.64,8711.64,8711.64,,14.46
1000,305,0.01,1.0,5,8521.65,8521.65,8521.65,,17.88
1000,311,0.1,1.0,8,8365.33,8365.33,8365.33,,14.48
1000,319,0.05,0.5,3,8804.7,8804.7,8804.7,,11.37
1000,326,0.1,1.0,2,15506.46,15506.46,15506.46,,14.35
1000,330,0.05,1.0,3,9053.31,9053.31,9053.31,,19.71
1000,337,0.01,0.5,8,9663.89,9663.89,9663.89,,13.17
1000,338,0.01,1.0,5,8591.47,8591.47,8591.47,,18.36
1000,341,0.05,0.5,10,8836.48,8836.48,8836.48,,14.69
1000,341,0.1,0.5,8,9696.72,9696.72,9696.72,,13.23
1000,345,0.1,0.5,10,8348.66,8348.66,8348.66,,12.01
1000,356,0.1,0.1,5,13999.04,13999.04,13999.04,,8.51
1000,358,0.05,1.0,8,8928.34,8928.34,8928.34,,17.28
1000,361,0.1,0.5,8,9354.18,9354.18,9354.18,,12.33
1000,361,0.1,1.0,3,8677.55,8677.55,8677.55,,16.26
1000,370,0.01,0.5,3,9122.31,9122.31,9122.31,,13.54
1000,375,0.01,0.5,10,9559.13,9559.13,9559.13,,15.14
1000,379,0.1,0.1,10,13182.8,13182.8,13182.8,,10.1
1000,384,0.1,1.0,5,8785.26,8785.26,8785.26,,17.5
1000,388,0.01,0.5,5,8866.47,8866.47,8866.47,,14.18
1000,392,0.1,0.5,10,9810.48,9810.48,9810.48,,15.76
1000,424,0.01,1.0,2,9185.79,9185.79,9185.79,,21.83
1000,424,0.05,0.5,8,10376.43,10376.43,10376.43,,17.03
1000,425,0.01,1.0,8,9182.74,9182.74,9182.74,,22.67
1000,444,0.1,0.1,3,14045.16,14045.16,14045.16,,10.99
1000,450,0.05,0.5,5,9738.16,9738.16,9738.16,,18.5
1000,464,0.05,0.5,8,8721.19,8721.19,8721.19,,18.74
1000,478,0.01,0.5,2,8811.85,8811.85,8811.85,,17.11
1000,490,0.01,0.1,2,9490.96,9490.96,9490.96,,11.68
1000,495,0.01,0.1,3,9346.95,9346.95,9346.95,,12.0
1000,495,0.1,0.1,10,12712.15,12712.15,12712.15,,13.84
1000,500,0.1,0.1,8,13893.36,13893.36,13893.36,,13.57
1000,503,0.1,0.5,3,9454.93,9454.93,9454.93,,15.94
1000,505,0.1,0.5,2,9058.86,9058.86,9058.86,,18.48
1000,510,0.05,0.5,2,8546.05,8546.05,8546.05,,18.36
1000,512,0.05,0.1,2,11662.63,11662.63,11662.63,,13.13
1000,514,0.05,0.1,8,9693.56,9693.56,9693.56,,15.58
1000,517,0.1,0.1,5,12334.11,12334.11,12334.11,,13.42
1000,528,0.01,1.0,3,8635.53,8635.53,8635.53,,28.88
1000,534,0.01,0.5,5,8295.8,8295.8,8295.8,,22.01
1000,545,0.1,0.5,5,8619.34,8619.34,8619.34,,17.75
1000,555,0.1,0.1,2,15323.75,15323.75,15323.75,,12.5
1000,572,0.01,1.0,10,8420.23,8420.23,8420.23,,32.37
1000,577,0.01,0.5,8,9071.45,9071.45,9071.45,,24.12
1000,584,0.1,1.0,8,8846.25,8846.25,8846.25,,31.12
1000,586,0.01,0.1,8,9477.36,9477.36,9477.36,,15.88
1000,588,0.1,1.0,5,8918.48,8918.48,8918.48,,30.15
1000,589,0.05,0.1,10,10761.4,10761.4,10761.4,,17.23
1000,605,0.05,1.0,10,8741.74,8741.74,8741.74,,32.87
1000,610,0.1,1.0,10,8429.29,8429.29,8429.29,,32.5
1000,611,0.05,0.1,5,10411.54,10411.54,10411.54,,17.53
1000,614,0.05,1.0,5,8553.54,8553.54,8553.54,,31.22
1000,625,0.05,1.0,8,9079.42,9079.42,9079.42,,33.04
1000,629,0.05,1.0,3,8633.93,8633.93,8633.93,,31.63
1000,629,0.1,1.0,3,9043.44,9043.44,9043.44,,31.37
1000,634,0.1,0.5,2,8267.4,8267.4,8267.4,,19.93
1000,648,0.01,0.1,8,10252.99,10252.99,10252.99,,17.63
1000,650,0.05,0.5,2,9244.02,9244.02,9244.02,,24.95
1000,668,0.01,1.0,2,15457.33,15457.33,15457.33,,29.22
1000,677,0.05,0.1,8,9271.49,9271.49,9271.49,,19.97
1000,678,0.01,1.0,2,9614.87,9614.87,9614.87,,37.39
1000,678,0.1,0.1,3,12784.66,12784.66,12784.66,,16.67
1000,687,0.05,0.5,10,8641.7,8641.7,8641.7,,29.38
1000,717,0.01,1.0,10,8696.38,8696.38,8696.38,,44.33
1000,718,0.01,0.5,2,8412.05,8412.05,8412.05,,25.91
1000,729,0.01,0.5,3,9683.64,9683.64,9683.64,,27.18
1000,737,0.01,0.1,10,9561.02,9561.02,9561.02,,20.75
1000,743,0.1,0.5,10,9288.76,9288.76,9288.76,,29.0
1000,761,0.05,0.5,3,8384.81,8384.81,8384.81,,27.27
1000,773,0.01,0.1,3,9475.43,9475.43,9475.43,,19.93
1000,783,0.1,0.1,8,11652.78,11652.78,11652.78,,20.7
1000,806,0.05,0.5,8,7937.5,7937.5,7937.5,,31.28
1000,807,0.01,1.0,8,8456.23,8456.23,8456.23,,38.82
1000,823,0.01,1.0,5,8431.44,8431.44,8431.44,,45.28
1000,830,0.01,0.5,10,9528.8,9528.8,9528.8,,35.6
1000,847,0.05,0.5,3,8611.93,8611.93,8611.93,,34.81
1000,851,0.05,0.1,5,9157.08,9157.08,9157.08,,24.0
1000,851,0.05,0.5,2,8731.44,8731.44,8731.44,,31.23
1000,864,0.1,0.1,5,12031.22,12031.22,12031.22,,22.07
1000,864,0.1,0.5,3,8941.11,8941.11,8941.11,,30.94
1000,877,0.1,0.1,2,16004.22,16004.22,16004.22,,20.82
1000,899,0.05,0.5,5,9498.3,9498.3,9498.3,,34.13
1000,906,0.1,0.5,8,8506.21,8506.21,8506.21,,35.17
1000,909,0.05,0.1,3,9650.87,9650.87,9650.87,,24.42
1000,912,0.01,0.1,5,9358.68,9358.68,9358.68,,20.49
1000,943,0.01,0.1,5,9448.36,9448.36,9448.36,,26.35
1000,946,0.01,0.1,5,9831.46,9831.46,9831.46,,26.5
1000,980,0.01,1.0,8,9042.66,9042.66,9042.66,,58.78
1000,990,0.1,0.1,3,12645.69,12645.69,12645.69,,24.11
1000,990,0.1,0.5,2,8925.55,8925.55,8925.55,,34.81
1000,1012,0.05,0.1,10,9468.91,9468.91,9468.91,,31.18
1000,1018,0.01,0.1,2,9749.74,9749.74,9749.74,,25.49
1000,1050,0.01,0.5,10,9455.94,9455.94,9455.94,,37.88
1000,1062,0.1,1.0,2,9010.04,9010.04,9010.04,,52.98
1000,1069,0.05,1.0,2,8867.02,8867.02,8867.02,,52.96
1000,1096,0.01,1.0,10,9183.74,9183.74,9183.74,,60.45
1000,1114,0.05,0.1,3,8788.9,8788.9,8788.9,,28.9
1000,1152,0.01,0.1,10,9412.18,9412.18,9412.18,,32.32
1000,1272,0.01,1.0,3,8781.99,8781.99,8781.99,,58.01
1000,1320,0.01,0.5,3,9106.43,9106.43,9106.43,,41.55
1000,1330,0.1,0.5,5,9475.99,9475.99,9475.99,,48.9
1000,1353,0.01,0.5,5,8740.23,8740.23,8740.23,,44.03
1000,1372,0.01,0.5,2,8811.63,8811.63,8811.63,,43.04
1000,1429,0.05,0.1,8,8456.74,8456.74,8456.74,,42.59
1000,1432,0.05,0.5,10,8419.73,8419.73,8419.73,,56.48
1000,1458,0.05,0.1,2,8311.88,8311.88,8311.88,,32.15
1000,1475,0.01,0.1,10,9710.44,9710.44,9710.44,,36.58
1000,1545,0.1,0.1,8,12524.06,12524.06,12524.06,,41.35
1000,1574,0.01,0.1,3,8388.97,8388.97,8388.97,,34.31
1000,1659,0.01,0.1,8,9178.0,9178.0,9178.0,,39.98
1000,1701,0.01,0.5,8,9171.57,9171.57,9171.57,,57.61
1000,1797,0.05,0.1,2,9662.19,9662.19,9662.19,,43.93
1000,1809,0.05,0.1,5,8953.99,8953.99,8953.99,,45.12
1000,2000,0.05,0.1,10,9015.95,9015.95,9015.95,,59.64
1000,2053,0.1,0.1,10,11438.4,11438.4,11438.4,,58.01
1000,2278,0.01,0.1,2,8760.18,8760.18,8760.18,,48.0
1000,3097,0.05,0.1,3,9065.54,9065.54,9065.54,,65.67
2000,153,0.1,1.0,10,8208.07,8208.07,8208.07,,16.0
2000,156,0.05,1.0,8,8734.14,8734.14,8734.14,,19.23
2000,164,0.01,1.0,10,8453.21,8453.21,8453.21,,18.13
2000,169,0.05,1.0,10,8098.13,8098.13,8098.13,,21.41
2000,176,0.01,1.0,5,7765.64,7765.64,7765.64,,17.02
2000,183,0.1,1.0,8,8606.11,8606.11,8606.11,,18.38
2000,194,0.05,1.0,5,8379.88,8379.88,8379.88,,22.69
2000,214,0.1,0.5,8,8474.88,8474.88,8474.88,,17.84
2000,216,0.1,1.0,5,8093.54,8093.54,8093.54,,20.1
2000,217,0.05,0.5,3,8996.15,8996.15,8996.15,,17.63
2000,221,0.01,1.0,3,8597.92,8597.92,8597.92,,20.74
2000,221,0.05,0.5,10,8364.4,8364.4,8364.4,,21.5
2000,234,0.1,1.0,2,15323.41,15323.41,15323.41,,21.87
2000,243,0.05,1.0,3,8967.64,8967.64,8967.64,,26.9
2000,265,0.01,1.0,2,14495.37,14495.37,14495.37,,25.93
2000,265,0.05,1.0,2,15211.2,15211.2,15211.2,,28.34
2000,270,0.1,0.5,5,8391.71,8391.71,8391.71,,20.98
2000,271,0.1,1.0,8,8600.27,8600.27,8600.27,,24.33
2000,272,0.1,1.0,10,8692.14,8692.14,8692.14,,24.72
2000,285,0.1,1.0,5,8240.73,8240.73,8240.73,,24.99
2000,292,0.05,1.0,5,8078.38,8078.38,8078.38,,29.39
2000,293,0.1,1.0,3,8732.09,8732.09,8732.09,,27.18
2000,295,0.05,1.0,10,8576.17,8576.17,8576.17,,28.41
2000,300,0.01,1.0,8,8715.12,8715.12,8715.12,,34.64
2000,310,0.05,1.0,8,8288.5,8288.5,8288.5,,33.46
2000,314,0.05,0.5,8,8657.37,8657.37,8657.37,,28.58
2000,318,0.1,0.1,5,12843.02,12843.02,12843.02,,19.52
2000,321,0.05,1.0,3,7858.87,7858.87,7858.87,,35.63
2000,325,0.01,0.5,8,8585.21,8585.21,8585.21,,23.8
2000,329,0.1,1.0,3,8608.83,8608.83,8608.83,,28.12
2000,334,0.1,0.5,5,8149.76,8149.76,8149.76,,21.05
2000,346,0.1,0.1,2,15633.35,15633.35,15633.35,,19.8
2000,354,0.01,1.0,10,8321.99,8321.99,8321.99,,44.54
2000,354,0.05,0.5,5,9174.69,9174.69,9174.69,,36.68
2000,357,0.01,1.0,5,8067.79,8067.79,8067.79,,38.96
2000,364,0.1,0.5,10,9026.15,9026.15,9026.15,,26.32
2000,371,0.01,1.0,8,8610.9,8610.9,8610.9,,38.12
2000,372,0.05,0.5,3,8621.15,8621.15,8621.15,,33.71
2000,374,0.01,0.1,5,8770.68,8770.68,8770.68,,19.05
2000,376,0.01,0.5,3,8652.75,8652.75,8652.75,,26.32
2000,380,0.01,0.5,5,8773.91,8773.91,8773.91,,28.64
2000,404,0.05,0.5,5,8773.6,8773.6,8773.6,,31.42
2000,409,0.01,0.5,10,9097.88,9097.88,9097.88,,36.06
2000,418,0.01,0.5,10,9025.43,9025.43,9025.43,,37.96
2000,430,0.1,0.1,2,15645.92,15645.92,15645.92,,17.61
2000,442,0.01,0.5,2,8725.65,8725.65,8725.65,,32.1
2000,445,0.05,0.5,8,8339.18,8339.18,8339.18,,47.68
2000,446,0.1,0.5,2,7816.43,7816.43,7816.43,,33.27
2000,447,0.05,0.5,2,8132.67,8132.67,8132.67,,33.43
2000,451,0.01,1.0,3,8168.2,8168.2,8168.2,,47.76
2000,455,0.01,0.1,10,11039.45,11039.45,11039.45,,25.07
2000,459,0.1,0.5,8,8679.19,8679.19,8679.19,,30.71
2000,471,0.1,0.5,10,8426.89,8426.89,8426.89,,40.69
2000,474,0.1,0.5,3,8179.47,8179.47,8179.47,,36.3
2000,481,0.1,1.0,2,15568.04,15568.04,15568.04,,40.7
2000,522,0.01,0.5,3,8283.0,8283.0,8283.0,,40.44
2000,534,0.1,0.1,10,11027.67,11027.67,11027.67,,31.57
2000,540,0.1,0.5,3,8262.46,8262.46,8262.46,,33.19
2000,546,0.05,0.5,2,8432.32,8432.32,8432.32,,46.8
2000,550,0.01,0.1,5,9094.21,9094.21,9094.21,,24.76
2000,557,0.1,1.0,10,8083.44,8083.44,8083.44,,51.4
2000,559,0.05,0.1,10,10088.9,10088.9,10088.9,,33.48
2000,560,0.05,1.0,2,15549.3,15549.3,15549.3,,60.4
2000,564,0.01,0.1,8,9186.3,9186.3,9186.3,,32.27
2000,568,0.01,1.0,8,8575.16,8575.16,8575.16,,51.86
2000,575,0.05,0.1,8,9600.11,9600.11,9600.11,,31.86
2000,581,0.05,1.0,10,8560.31,8560.31,8560.31,,54.57
2000,581,0.1,1.0,5,8295.64,8295.64,8295.64,,51.2
2000,583,0.05,1.0,8,7771.75,7771.75,7771.75,,56.08
2000,595,0.05,0.1,3,8285.17,8285.17,8285.17,,32.78
2000,595,0.05,0.5,10,8476.68,8476.68,8476.68,,40.48
2000,596,0.01,0.1,2,9057.88,9057.88,9057.88,,27.84
2000,597,0.01,0.5,2,8417.32,8417.32,8417.32,,42.87
2000,597,0.1,0.1,3,13498.43,13498.43,13498.43,,36.05
2000,603,0.1,1.0,8,8614.45,8614.45,8614.45,,54.67
2000,610,0.1,0.5,8,8774.08,8774.08,8774.08,,41.95
2000,613,0.05,1.0,5,8391.99,8391.99,8391.99,,58.91
2000,620,0.1,0.5,2,8471.22,8471.22,8471.22,,37.54
2000,624,0.01,1.0,3,8375.77,8375.77,8375.77,,57.42
2000,631,0.05,1.0,3,9089.31,9089.31,9089.31,,58.67
2000,632,0.1,1.0,3,8479.15,8479.15,8479.15,,55.38
2000,641,0.1,0.1,8,12827.01,12827.01,12827.01,,29.65
2000,645,0.01,0.1,8,9225.08,9225.08,9225.08,,33.53
2000,649,0.01,0.1,3,9824.43,9824.43,9824.43,,28.99
2000,649,0.1,0.1,8,11843.06,11843.06,11843.06,,37.09
2000,652,0.01,0.5,10,7999.29,7999.29,7999.29,,44.46
2000,673,0.01,0.5,8,8154.99,8154.99,8154.99,,59.84
2000,678,0.01,0.5,2,8815.27,8815.27,8815.27,,40.68
2000,700,0.01,1.0,5,8647.7,8647.7,8647.7,,63.07
2000,722,0.01,0.5,5,8425.95,8425.95,8425.95,,55.2
2000,740,0.05,0.1,5,8613.83,8613.83,8613.83,,40.63
2000,759,0.01,0.1,3,9208.16,9208.16,9208.16,,36.02
2000,761,0.01,0.5,3,8575.53,8575.53,8575.53,,48.54
2000,766,0.01,0.1,10,9384.48,9384.48,9384.48,,47.73
2000,779,0.1,0.5,2,8314.88,8314.88,8314.88,,47.88
2000,785,0.1,0.5,3,8102.16,8102.16,8102.16,,49.46
2000,813,0.05,0.1,3,10211.43,10211.43,10211.43,,47.81
2000,814,0.1,0.5,5,8627.58,8627.58,8627.58,,52.14
2000,823,0.01,1.0,10,8208.84,8208.84,8208.84,,75.93
2000,835,0.05,0.5,10,9291.54,9291.54,9291.54,,79.71
2000,836,0.01,0.5,5,8529.46,8529.46,8529.46,,55.01
2000,845,0.05,0.1,2,8418.54,8418.54,8418.54,,48.98
2000,850,0.01,0.1,10,9565.38,9565.38,9565.38,,40.18
2000,859,0.05,0.1,5,9247.24,9247.24,9247.24,,48.83
2000,868,0.1,0.1,3,11655.69,11655.69,11655.69,,36.48
2000,869,0.05,0.5,8,8882.52,8882.52,8882.52,,57.76
2000,875,0.01,0.1,8,9055.92,9055.92,9055.92,,39.82
2000,891,0.05,0.1,8,9908.73,9908.73,9908.73,,53.57
2000,900,0.1,0.5,10,8851.74,8851.74,8851.74,,61.27
2000,934,0.05,0.1,2,8764.99,8764.99,8764.99,,51.88
2000,935,0.01,0.1,2,8692.19,8692.19,8692.19,,41.27
2000,941,0.05,0.1,10,8970.58,8970.58,8970.58,,59.05
2000,964,0.01,1.0,2,8683.91,8683.91,8683.91,,102.96
2000,1093,0.1,0.1,10,10835.61,10835.61,10835.61,,52.7
2000,1120,0.1,0.1,10,11528.99,11528.99,11528.99,,53.54
2000,1141,0.05,0.5,3,7972.6,7972.6,7972.6,,70.26
2000,1173,0.01,0.1,3,8698.73,8698.73,8698.73,,47.95
2000,1194,0.01,0.5,8,9235.22,9235.22,9235.22,,79.78
2000,1216,0.05,0.5,2,8396.61,8396.61,8396.61,,73.9
2000,1271,0.1,0.1,8,11033.23,11033.23,11033.23,,59.06
2000,1276,0.1,0.1,5,11936.01,11936.01,11936.01,,55.67
2000,1284,0.05,0.5,5,9259.03,9259.03,9259.03,,81.73
2000,1289,0.05,0.1,10,9391.23,9391.23,9391.23,,61.74
2000,1301,0.01,0.1,5,10138.84,10138.84,10138.84,,55.76
2000,1465,0.1,1.0,2,8664.99,8664.99,8664.99,,125.37
2000,1471,0.01,0.1,2,8596.73,8596.73,8596.73,,59.77
2000,1518,0.01,1.0,2,8787.81,8787.81,8787.81,,133.63
2000,1767,0.1,0.1,5,10612.47,10612.47,10612.47,,76.81
2000,1813,0.05,0.1,5,9424.76,9424.76,9424.76,,79.67
2000,1950,0.1,0.1,3,11207.51,11207.51,11207.51,,82.54
2000,1986,0.1,0.1,2,13838.25,13838.25,13838.25,,82.26
2000,2081,0.05,1.0,2,9455.96,9455.96,9455.96,,190.9
2000,2123,0.05,0.1,3,9123.99,9123.99,9123.99,,89.09
2000,2252,0.05,0.1,8,8995.98,8995.98,8995.98,,104.56
2000,2419,0.05,0.1,2,8791.04,8791.04,8791.04,,99.06
5000,148,0.01,1.0,10,8002.76,8002.76,8002.76,,34.59
5000,149,0.05,1.0,10,8031.7,8031.7,8031.7,,43.38
5000,154,0.1,1.0,10,8054.4,8054.4,8054.4,,45.76
5000,163,0.05,0.5,8,9040.91,9040.91,9040.91,,34.06
5000,171,0.01,1.0,8,8451.93,8451.93,8451.93,,39.25
5000,174,0.01,1.0,5,8576.2,8576.2,8576.2,,38.83
5000,174,0.05,1.0,5,7790.14,7790.14,7790.14,,48.61
5000,174,0.05,1.0,8,8683.29,8683.29,8683.29,,49.43
5000,179,0.1,1.0,5,8377.73,8377.73,8377.73,,50.15
5000,179,0.1,1.0,8,8176.41,8176.41,8176.41,,51.51
5000,183,0.01,0.5,8,8005.78,8005.78,8005.78,,30.55
5000,183,0.1,0.5,10,8674.4,8674.4,8674.4,,39.76
5000,186,0.01,0.5,5,8220.48,8220.48,8220.48,,29.77
5000,193,0.01,0.5,3,8024.79,8024.79,8024.79,,29.98
5000,196,0.05,0.5,5,7847.4,7847.4,7847.4,,38.92
5000,201,0.1,0.5,5,7771.75,7771.75,7771.75,,40.7
5000,201,0.1,1.0,2,15816.59,15816.59,15816.59,,54.42
5000,222,0.01,1.0,2,14926.39,14926.39,14926.39,,47.92
5000,225,0.01,1.0,3,8727.39,8727.39,8727.39,,48.59
5000,236,0.1,1.0,3,8273.74,8273.74,8273.74,,63.82
5000,245,0.1,1.0,10,8121.04,8121.04,8121.04,,56.46
5000,248,0.05,1.0,3,8318.09,8318.09,8318.09,,66.68
5000,250,0.1,0.5,8,8384.99,8384.99,8384.99,,52.37
5000,256,0.05,0.5,10,8423.1,8423.1,8423.1,,55.18
5000,259,0.01,0.5,10,8380.12,8380.12,8380.12,,44.29
5000,262,0.05,0.5,3,8134.1,8134.1,8134.1,,50.88
5000,262,0.05,1.0,10,8350.49,8350.49,8350.49,,74.19
5000,269,0.01,1.0,8,8327.42,8327.42,8327.42,,79.45
5000,269,0.05,1.0,2,14965.63,14965.63,14965.63,,71.35
5000,269,0.05,1.0,8,8602.7,8602.7,8602.7,,65.76
5000,269,0.1,1.0,8,8001.88,8001.88,8001.88,,60.32
5000,275,0.1,0.5,3,7974.62,7974.62,7974.62,,53.51
5000,281,0.1,1.0,5,7808.9,7808.9,7808.9,,60.51
5000,282,0.01,1.0,2,15281.59,15281.59,15281.59,,77.21
5000,285,0.05,1.0,5,8178.86,8178.86,8178.86,,68.86
5000,293,0.1,0.5,10,8062.76,8062.76,8062.76,,51.96
5000,297,0.01,0.5,2,8583.15,8583.15,8583.15,,45.31
5000,307,0.01,0.1,8,9075.97,9075.97,9075.97,,35.49
5000,316,0.05,0.5,2,8117.27,8117.27,8117.27,,52.46
5000,317,0.01,1.0,3,8050.39,8050.39,8050.39,,86.77
5000,320,0.05,0.5,8,8109.7,8109.7,8109.7,,55.31
5000,325,0.1,0.1,2,15851.38,15851.38,15851.38,,39.16
5000,328,0.01,0.1,10,8436.01,8436.01,8436.01,,39.66
5000,331,0.01,0.5,8,8692.97,8692.97,8692.97,,72.09
5000,334,0.01,0.5,10,8156.04,8156.04,8156.04,,74.54
5000,335,0.1,1.0,3,7876.3,7876.3,7876.3,,76.57
5000,337,0.1,0.5,8,8262.23,8262.23,8262.23,,56.99
5000,342,0.01,1.0,5,8329.03,8329.03,8329.03,,97.62
5000,344,0.1,0.1,2,15232.57,15232.57,15232.57,,43.5
5000,349,0.05,0.5,3,8140.86,8140.86,8140.86,,63.56
5000,359,0.05,0.1,5,9696.5,9696.5,9696.5,,38.77
5000,360,0.01,0.1,5,9314.26,9314.26,9314.26,,47.91
5000,365,0.01,0.5,5,8089.22,8089.22,8089.22,,73.51
5000,384,0.1,0.5,3,8117.02,8117.02,8117.02,,62.57
5000,389,0.05,0.1,8,8687.17,8687.17,8687.17,,45.42
5000,402,0.01,0.5,2,8575.25,8575.25,8575.25,,76.92
5000,411,0.01,1.0,10,8192.7,8192.7,8192.7,,124.47
5000,412,0.05,1.0,3,8073.69,8073.69,8073.69,,101.47
5000,421,0.05,1.0,2,15278.54,15278.54,15278.54,,95.93
5000,431,0.1,0.1,3,13330.81,13330.81,13330.81,,55.46
5000,434,0.1,0.5,2,8533.79,8533.79,8533.79,,82.77
5000,439,0.1,0.1,10,10898.73,10898.73,10898.73,,65.05
5000,445,0.01,0.1,3,8717.9,8717.9,8717.9,,46.32
5000,454,0.1,0.5,5,8426.83,8426.83,8426.83,,73.57
5000,457,0.05,0.5,5,8518.77,8518.77,8518.77,,80.96
5000,466,0.01,0.1,10,7862.04,7862.04,7862.04,,70.42
5000,473,0.01,0.1,2,8790.18,8790.18,8790.18,,47.98
5000,486,0.05,0.1,10,8805.54,8805.54,8805.54,,58.92
5000,502,0.05,0.1,5,8366.01,8366.01,8366.01,,62.1
5000,503,0.1,0.5,2,8361.93,8361.93,8361.93,,80.34
5000,528,0.01,0.1,5,8432.39,8432.39,8432.39,,57.37
5000,553,0.05,1.0,10,8320.29,8320.29,8320.29,,124.15
5000,560,0.05,0.1,10,8816.07,8816.07,8816.07,,80.68
5000,562,0.05,1.0,8,7968.6,7968.6,7968.6,,123.79
5000,563,0.05,0.5,10,8457.95,8457.95,8457.95,,99.47
5000,568,0.1,1.0,2,15117.81,15117.81,15117.81,,124.64
5000,570,0.01,1.0,10,8251.89,8251.89,8251.89,,126.01
5000,573,0.05,1.0,5,8398.12,8398.12,8398.12,,121.9
5000,575,0.1,1.0,5,8315.89,8315.89,8315.89,,120.82
5000,579,0.05,0.5,8,8352.52,8352.52,8352.52,,91.32
5000,583,0.01,1.0,5,8457.13,8457.13,8457.13,,123.39
5000,583,0.1,0.1,8,11134.78,11134.78,11134.78,,83.31
5000,588,0.01,0.1,8,8810.67,8810.67,8810.67,,85.13
5000,588,0.05,0.5,10,8646.41,8646.41,8646.41,,95.05
5000,589,0.1,1.0,8,8445.99,8445.99,8445.99,,127.84
5000,591,0.01,1.0,8,8044.85,8044.85,8044.85,,128.59
5000,594,0.1,1.0,10,8209.9,8209.9,8209.9,,148.15
5000,598,0.1,0.5,8,8675.65,8675.65,8675.65,,103.64
5000,602,0.1,0.5,5,8616.86,8616.86,8616.86,,100.11
5000,631,0.05,0.1,8,8550.13,8550.13,8550.13,,83.99
5000,651,0.01,0.1,2,8176.06,8176.06,8176.06,,80.38
5000,654,0.01,0.5,3,8711.87,8711.87,8711.87,,127.04
5000,663,0.01,1.0,3,8204.18,8204.18,8204.18,,136.81
5000,670,0.05,0.1,3,8403.42,8403.42,8403.42,,69.98
5000,681,0.05,0.5,2,8170.61,8170.61,8170.61,,124.3
5000,687,0.1,0.5,10,8269.15,8269.15,8269.15,,120.05
5000,690,0.1,1.0,3,8390.24,8390.24,8390.24,,141.89
5000,692,0.1,0.1,5,10630.68,10630.68,10630.68,,92.55
5000,701,0.05,1.0,3,8056.84,8056.84,8056.84,,150.33
5000,709,0.1,0.1,8,10756.33,10756.33,10756.33,,83.98
5000,720,0.01,0.5,5,8735.65,8735.65,8735.65,,113.02
5000,735,0.05,0.5,5,8572.75,8572.75,8572.75,,112.33
5000,744,0.1,0.5,2,8348.22,8348.22,8348.22,,118.95
5000,771,0.01,0.5,3,8324.66,8324.66,8324.66,,116.01
5000,779,0.01,0.1,3,8724.32,8724.32,8724.32,,99.6
5000,799,0.05,0.5,3,8143.06,8143.06,8143.06,,117.22
5000,822,0.01,0.1,10,8463.06,8463.06,8463.06,,93.79
5000,863,0.05,0.1,5,8674.03,8674.03,8674.03,,90.12
5000,871,0.05,0.5,2,7841.96,7841.96,7841.96,,126.3
5000,888,0.1,0.1,3,12518.8,12518.8,12518.8,,94.85
5000,898,0.01,0.5,8,8275.91,8275.91,8275.91,,145.94
5000,914,0.1,0.5,3,8417.94,8417.94,8417.94,,147.59
5000,944,0.05,0.1,2,9390.21,9390.21,9390.21,,95.67
5000,1038,0.05,0.1,8,8941.25,8941.25,8941.25,,114.77
5000,1051,0.1,1.0,2,14311.96,14311.96,14311.96,,214.15
5000,1058,0.05,0.1,10,8755.5,8755.5,8755.5,,122.25
5000,1080,0.01,0.5,2,8400.22,8400.22,8400.22,,157.76
5000,1090,0.05,0.1,3,8686.27,8686.27,8686.27,,141.72
5000,1113,0.1,0.1,10,10505.57,10505.57,10505.57,,138.22
5000,1153,0.01,0.1,8,9463.64,9463.64,9463.64,,126.72
5000,1178,0.05,0.1,2,8663.96,8663.96,8663.96,,159.99
5000,1181,0.01,0.1,5,8530.92,8530.92,8530.92,,121.96
5000,1186,0.1,0.1,5,9971.7,9971.7,9971.7,,132.02
5000,1218,0.01,0.1,3,8480.26,8480.26,8480.26,,120.23
5000,1234,0.01,0.5,10,8174.4,8174.4,8174.4,,200.67
5000,1251,0.05,0.1,3,8498.32,8498.32,8498.32,,126.0
5000,1315,0.01,1.0,2,8806.24,8806.24,8806.24,,270.68
5000,1341,0.01,0.1,2,9258.64,9258.64,9258.64,,133.49
5000,1446,0.1,0.1,8,11030.53,11030.53,11030.53,,178.33
5000,1544,0.05,1.0,2,13946.82,13946.82,13946.82,,316.31
5000,1560,0.1,0.1,3,11106.01,11106.01,11106.01,,164.08
5000,1603,0.1,0.1,10,10772.39,10772.39,10772.39,,204.56
5000,1709,0.05,0.1,2,8345.32,8345.32,8345.32,,165.06
5000,1743,0.1,0.1,5,10435.84,10435.84,10435.84,,204.6
5000,2052,0.1,0.1,2,14504.15,14504.15,14504.15,,200.64
